Tanggal;Tn;Tx;Tavg;RH_avg;RR;ss;ff_x;ddd_x;ff_avg;ddd_car
25/04/2018;24;31.7;26.9;83;0;6;3;300;1;N 
26/04/2018;23;32.6;27.5;81;0;7.5;3;270;2;N 
27/04/2018;23;32.5;27.6;78;0;7.3;3;300;1;N 
28/04/2018;23;31.2;27.2;82;0;8.9;3;180;1;W 
29/04/2018;22;32.6;26.9;77;0;7;3;120;1;N 
30/04/2018;21;32.6;26.5;74;0;10.4;3;170;2;W 
01/05/2018;21;31.8;26.3;76;0;10.3;3;250;1;W 
02/05/2018;22;31.7;26.8;74;0;7.8;2;200;1;SW
03/05/2018;22;31.5;26.3;77;0;10.5;4;270;2;W 
04/05/2018;22;33.2;26.3;75;0;10.6;3;100;1;E 
05/05/2018;21;33.2;26.9;73;0;10.7;4;90;2;N 
06/05/2018;22;32.8;27.5;74;0;10.6;6;30;3;E 
07/05/2018;22;33.9;27.4;77;0;10.4;3;270;2;W 
08/05/2018;23;33.1;27.7;76;0;9.8;5;270;2;N 
09/05/2018;21;33.4;26.6;74;0;9;4;260;2;N 
10/05/2018;22;32.3;27.1;71;0;9.5;5;360;2;W 
11/05/2018;21;33.3;26.6;77;0;9.5;4;180;1;S 
12/05/2018;22;32.8;26.9;74;0;9;3;130;1;S 
13/05/2018;21;33.3;26.7;74;0;8.9;2;250;1;S 
14/05/2018;22;33.4;26.8;79;0;10;4;280;2;W 
15/05/2018;24;31.5;26.8;86;0;10;5;270;2;N 
16/05/2018;24;31.6;26.3;85;4.2;5.2;2;290;1;N 
17/05/2018;24;31.8;26.7;86;0;3.3;4;200;1;W 
18/05/2018;23;30.2;26.4;84;3.4;2.4;2;180;1;W 
19/05/2018;23;32;26.1;82;0;3.4;3;270;1;W 
20/05/2018;23;32.3;26.1;85;0;7.1;3;120;1;NW
21/05/2018;23;30.8;25.7;88;2.2;6.4;3;260;1;W 
22/05/2018;23;32.6;27.1;79;4.4;3.6;6;90;2;W 
23/05/2018;23;32.6;26.5;85;0;10.5;3;260;2;W 
24/05/2018;24;31.2;26.3;87;0;6.7;3;250;1;N 
25/05/2018;22;31.8;26.9;83;10;4.2;2;300;1;N 
26/05/2018;23;29.6;26.4;84;4.8;5.5;3;270;1;W 
27/05/2018;23;31.2;26.6;79;0;3.8;4;280;1;N 
28/05/2018;23;30.5;25.8;84;0;7.1;3;270;2;W 
29/05/2018;22;31.4;25.6;82;0;9.1;4;260;2;W 
30/05/2018;21;30.4;25.4;81;0;7.7;4;270;2;W 
31/05/2018;21;30.2;25.2;81;0;9.8;4;270;2;W 
01/06/2018;19;30;24.2;80;0;9.9;3;270;2;S 
02/06/2018;20;31.8;25.1;78;0;9.9;2;90;1;E 
03/06/2018;21;31.8;25.7;80;0;7.7;2;200;1;W 
04/06/2018;22;32.5;25.7;85;0;8.2;5;270;1;N 
05/06/2018;23;33.3;26.5;82;0;8.2;3;270;1;W 
06/06/2018;22;32.1;26.3;81;0;9.6;2;290;2;S 
07/06/2018;21;31.4;25.1;78;0;9.9;3;250;1;N 
08/06/2018;23;30.8;25.6;84;0;8.7;3;270;1;W 
09/06/2018;22;32;25.9;82;0;5.9;2;270;1;W 
10/06/2018;23;30.6;25.8;83;0;8.1;4;260;2;W 
11/06/2018;23;32.2;27.2;78;0;6.8;2;180;1;S 
12/06/2018;24;;25.4;88;0;6.4;2;180;1;S 
13/06/2018;23;30.5;26.1;82;2.4;1.3;3;230;2;S 
14/06/2018;22;31.8;26;77;0;2.8;3;260;2;W 
15/06/2018;22;32;26;74;0;9.3;3;230;1;SW
16/06/2018;21;32.2;25.6;75;0;8.4;2;330;1;N 
17/06/2018;20;31.8;25.6;77;0;10;2;30;1;N 
18/06/2018;21;32.5;25.8;77;0;9.8;4;50;2;W 
19/06/2018;22;31;25.9;81;0;9.9;3;270;1;S 
20/06/2018;23;32.3;26;82;0;6.5;4;200;1;N 
21/06/2018;23;30.8;25.8;88;18;4.6;2;270;1;N 
22/06/2018;23;31.2;26.4;80;12.8;2.1;3;200;1;S 
23/06/2018;22;31.4;26.3;80;0;4;2;270;1;N 
24/06/2018;23;31.4;26;83;0;7;3;250;1;W 
25/06/2018;23;32;26;83;1.3;7.2;3;240;1;N 
26/06/2018;23;28.6;25.3;87;9.4;3.8;2;320;1;W 
27/06/2018;22;30.6;25.1;83;0;0.4;3;270;1;W 
28/06/2018;21;30.4;24.9;81;0;5.7;3;270;2;W 
29/06/2018;21;29.8;24.9;80;0;6.6;2;180;1;S 
30/06/2018;21;29.1;24.7;80;;4.4;2;270;1;W 
01/07/2018;20;32.7;25.3;76;0;10.4;3;190;1;N 
02/07/2018;21;29.8;25;80;0;9.3;3;260;1;N 
03/07/2018;20;29.4;24.3;81;0;5;5;200;2;N 
04/07/2018;23;31;25.8;80;0;8.6;2;150;1;SE
05/07/2018;23;30.2;25.5;65;0;7.4;5;190;3;S 
06/07/2018;18;30.5;23.3;75;0;9.5;3;240;2;S 
07/07/2018;20;30.4;24.1;77;0;9;4;270;2;W 
08/07/2018;;29.8;23.9;82;0;9;4;270;2;W 
09/07/2018;22;30.5;25.7;77;0;9;3;200;2;S 
10/07/2018;21;30.1;24.8;75;0;8.4;3;270;2;W 
11/07/2018;20;29.8;23.5;79;0;7;3;280;2;S 
12/07/2018;19;29.8;24;81;0;7.9;4;180;2;S 
13/07/2018;19;30.5;23.9;77;0;7.7;3;270;2;W 
14/07/2018;20;30;24.1;73;0;9.9;5;200;2;S 
15/07/2018;21;29.8;24.2;72;0;8.4;4;260;2;W 
16/07/2018;19;30.4;23.5;71;0;9.7;3;270;2;W 
17/07/2018;19;30.6;23.5;76;0;;3;230;1;W 
18/07/2018;20;30.6;24.3;79;0;7.8;5;260;2;W 
19/07/2018;21;31;24.4;79;0;9;3;190;2;W 
20/07/2018;20;31.4;24.5;81;0;8.6;3;270;2;W 
21/07/2018;21;30.5;24.4;83;0;8;4;270;2;W 
22/07/2018;21;31;25.1;83;0;9;3;230;2;W 
23/07/2018;22;30.4;25.4;81;0;9.5;3;180;2;W 
24/07/2018;22;32.4;25.7;76;0;7.5;2;180;1;W 
25/07/2018;18;29.8;23.3;80;0;9.9;3;260;2;W 
26/07/2018;18;29.8;22.9;77;0;9.8;3;270;2;W 
27/07/2018;17;28.6;22.6;79;0;10.9;2;250;1;S 
28/07/2018;21;29;24.6;77;0;7.5;4;170;2;S 
29/07/2018;21;29.2;24;82;0;6;4;270;1;W 
30/07/2018;19;30.8;24.3;81;0;6.5;3;270;2;W 
31/07/2018;22;30.6;25.1;79;0;8.5;3;270;2;SW
01/08/2018;21;30.6;24.5;82;0;8.1;3;250;2;W 
02/08/2018;20;30;24.3;74;0;8.3;5;140;3;W 
03/08/2018;20;26.8;23.1;76;1;9.7;5;270;2;S 
04/08/2018;17;27.8;22.2;79;0;6.2;4;270;2;S 
05/08/2018;21;28.8;23.9;71;0;4.8;3;210;2;SW
06/08/2018;17;29.6;23;68;0;6.9;3;180;1;S 
07/08/2018;18;30.4;25;74;0;9.1;3;180;2;S 
08/08/2018;21;30.4;24.6;79;0;8.6;2;200;1;W 
09/08/2018;22;30.3;25.2;80;0;5.9;4;260;2;W 
10/08/2018;22;31.1;25.2;79;0;6.2;4;240;2;S 
11/08/2018;21;30;24.8;81;0;7.4;3;200;2;S 
12/08/2018;21;29.8;24.9;80;0;5.8;3;270;1;W 
13/08/2018;20;31.6;25.4;80;0;5;5;270;2;W 
14/08/2018;21;30.6;24.8;80;0;10.4;4;250;2;S 
15/08/2018;22;30.8;25.6;73;0;8.2;4;210;2;S 
16/08/2018;18;30.4;23.4;74;0;8.4;3;350;1;S 
17/08/2018;19;29.7;24.2;74;0;10.5;4;220;2;S 
18/08/2018;18;28.8;23.8;76;0;10.8;5;200;2;W 
19/08/2018;19;31;25;72;0;10.4;4;260;2;W 
20/08/2018;18;31.9;23.7;75;0;10.7;2;260;2;W 
21/08/2018;21;;25.4;80;0;10.7;3;200;1;S 
22/08/2018;22;;25.8;72;0;6.4;3;180;1;S 
23/08/2018;20;30.2;24.4;79;0;9.2;5;180;2;W 
24/08/2018;20;31.6;25.6;70;0;9.3;4;280;2;SW
25/08/2018;18;30.4;23.5;75;0;11;3;260;2;W 
26/08/2018;20;30.4;23.8;80;0;10.8;3;230;1;S 
27/08/2018;20;32.2;24.6;78;0;9.4;5;200;3;W 
28/08/2018;24;30;25.6;81;0;10.1;4;270;2;W 
29/08/2018;22;29.6;25.1;78;0;4.9;4;260;2;W 
30/08/2018;23;29.1;25.1;76;0;5.2;3;250;2;S 
31/08/2018;23;29;24.9;84;2;1.5;2;190;1;S 
01/09/2018;23;;27.5;67;0;0.6;4;180;2;S 
02/09/2018;23;;25.6;79;8888;1.8;5;270;2;W 
03/09/2018;22;29.9;25.3;77;8888;4.1;4;240;2;SW
04/09/2018;20;28.3;23.9;75;0;10.3;5;240;2;S 
05/09/2018;20;30;24.5;79;0;6.3;3;250;2;S 
06/09/2018;23;30.1;25.6;78;0;5.6;3;250;2;S 
07/09/2018;22;30.6;24.8;83;0;4;4;270;2;W 
08/09/2018;23;31.2;26.4;78;1.6;3.9;5;190;2;W 
09/09/2018;22;31.8;25.7;82;0;7.7;4;270;2;S 
10/09/2018;22;32.2;26.1;79;0;9.4;5;230;2;S 
11/09/2018;22;31.4;25.8;80;0;6.7;4;180;2;S 
12/09/2018;23;30;25.1;77;0.9;7.7;4;180;3;SW
13/09/2018;20;;24.8;76;8888;6.2;4;270;2;W 
14/09/2018;22;;24.8;76;0;6.8;4;230;2;SW
15/09/2018;20;29.9;24.3;76;0;4.2;3;250;2;S 
16/09/2018;19;31.6;24.5;77;0;6.6;4;250;2;SW
17/09/2018;22;30.6;26;78;0;10.4;5;180;2;S 
18/09/2018;23;31.1;25.8;82;0;8.4;4;270;2;W 
19/09/2018;23;31.6;25.8;83;0.2;5.4;4;250;2;S 
20/09/2018;24;30.2;25.4;87;8888;3.4;3;230;1;W 
21/09/2018;23;;27.1;76;2.6;0.1;4;260;2;W 
22/09/2018;23;34.6;27.1;77;0;8.1;5;250;2;W 
23/09/2018;22;32.2;26.8;75;0;9.5;4;170;2;W 
24/09/2018;22;32.4;26.6;76;0;9.7;4;240;2;S 
25/09/2018;22;;26.2;81;0;10.1;3;230;1;S 
26/09/2018;23;33.1;26.7;76;0;7.5;4;250;3;SW
27/09/2018;;31.6;25.8;76;0;10.1;5;270;2;W 
28/09/2018;20;31.9;25.4;78;0;10.6;4;250;2;W 
29/09/2018;22;32.6;26.5;75;0;10.1;4;270;2;W 
30/09/2018;22;32.8;27.2;76;0;10.3;3;270;2;S 
01/10/2018;23;33.3;27.9;72;0;8;4;250;2;S 
02/10/2018;22;34;27.2;75;3.4;8.9;4;240;2;W 
03/10/2018;24;33.4;27.6;73;0;10.1;4;260;2;W 
04/10/2018;21;32.6;26.1;70;0;9.9;3;250;2;S 
05/10/2018;20;32.4;26.1;73;0;11.7;5;230;2;W 
06/10/2018;22;33;27.1;69;0;9.3;4;180;3;S 
07/10/2018;22;34.6;27.4;73;0;10.1;4;270;2;SW
08/10/2018;22;34.8;27.6;71;0;9.2;4;250;2;W 
09/10/2018;23;31.4;26.4;78;0;10.4;4;250;2;S 
10/10/2018;23;32;26.5;82;0;7.6;4;250;2;W 
11/10/2018;23;33.7;27.4;74;0;8;5;250;3;W 
12/10/2018;23;33.3;26.6;79;0;10.9;5;270;2;W 
13/10/2018;24;31.2;26.8;78;8888;8.1;4;230;3;W 
14/10/2018;22;32.6;26.7;76;0;4.8;4;170;2;S 
15/10/2018;24;33.2;27.7;75;0;9.2;3;210;2;S 
16/10/2018;23;33;27.2;73;0;7.8;5;180;2;SW
17/10/2018;23;31.8;26.5;78;;9.4;4;240;2;W 
18/10/2018;24;31.1;26.7;72;0;6.1;6;260;3;SW
19/10/2018;23;32;26.6;72;0;6.5;4;230;2;S 
20/10/2018;;31.8;27;70;0;5;5;180;2;S 
21/10/2018;23;33;27.1;77;0;5.5;4;180;2;S 
22/10/2018;24;31.8;27.1;78;0;5.3;4;230;3;W 
23/10/2018;24;32;26.7;81;2.2;3.6;5;290;3;W 
24/10/2018;24;32;27.4;76;0;7.2;4;250;3;W 
25/10/2018;25;32;27.1;76;0;7.6;6;210;3;S 
26/10/2018;24;32.7;27.8;72;0;3.4;5;250;3;W 
27/10/2018;24;32.3;27.3;76;8888;5;5;250;3;SW
28/10/2018;23;32.3;27.1;76;;6.5;5;180;2;W 
29/10/2018;22;32.6;27.2;71;0;9.2;5;260;3;W 
30/10/2018;23;32.8;27.4;71;0;11.2;4;260;2;W 
01/11/2018;22;33.8;27.6;71;0;8.8;6;180;3;S 
02/11/2018;23;34.6;28.7;70;0;8.5;4;280;2;N 
03/11/2018;24;32.8;27;83;0;6.5;4;270;3;S 
04/11/2018;23;;28;74;0.2;4.1;5;240;3;S 
05/11/2018;25;33.8;28.4;77;0;3;5;260;2;W 
06/11/2018;25;29.7;26.9;82;1.6;4;3;170;2;SW
07/11/2018;24;30.2;26.5;85;9.3;1.1;4;270;2;W 
08/11/2018;;32.6;26.2;87;1;2.2;4;260;2;W 
09/11/2018;23;30.8;24.8;94;66.8;;4;30;2;W 
10/11/2018;22;31.4;26;83;63.2;3.2;4;40;2;NW
11/11/2018;23;32.4;27.1;83;46.4;4.5;4;330;2;W 
12/11/2018;24;32.3;26.8;84;0;6.4;5;210;2;N 
13/11/2018;24;30.4;26.4;88;2;6;4;260;2;SW
14/11/2018;24;;25.9;88;5;2.2;5;230;2;NW
15/11/2018;23;31.4;27.3;85;34.6;2.3;5;230;2;SW
16/11/2018;;31.8;28.2;77;8888;5.9;4;200;2;S 
17/11/2018;24;31.7;27.9;81;0;10.3;4;270;2;W 
18/11/2018;25;31.6;28;79;0;9.3;5;250;3;W 
19/11/2018;24;32.8;28.1;76;0;;4;240;3;SW
20/11/2018;25;31.9;28;79;0;10;6;230;3;SW
21/11/2018;23;31.4;27.2;81;0;7.7;6;250;3;W 
22/11/2018;23;30.2;25.7;84;20;9.2;4;250;2;SW
23/11/2018;23;30.6;26.5;81;12;;4;220;2;W 
24/11/2018;22;;26.7;80;0;7.8;4;230;2;SW
25/11/2018;24;30.4;26.4;82;0;7.8;4;250;2;W 
26/11/2018;24;30.8;25.6;84;1.5;3.6;4;200;2;N 
27/11/2018;22;30.6;24.2;;48.9;2.5;4;240;1;N 
28/11/2018;23;30.4;25.3;88;106.4;4.7;3;290;2;SW
29/11/2018;23;27.8;24.6;93;7.2;4.1;5;230;2;W 
30/11/2018;23;;26;87;8.6;0;5;240;2;N 
01/12/2018;23;30;26.3;80;1;6.4;5;230;3;SW
02/12/2018;23;30.4;27.8;73;0;6.8;4;270;2;W 
03/12/2018;24;30.5;25.9;90;8888;5.1;4;250;2;NW
04/12/2018;24;30.6;25.8;91;25.6;1.9;5;290;2;S 
05/12/2018;24;31.4;26.1;89;91;3.5;6;260;2;NW
06/12/2018;23;31.6;26;88;22.3;4.4;5;180;2;W 
07/12/2018;24;32.2;26.9;90;17.3;;5;260;2;W 
08/12/2018;23;29.5;25.6;91;59.1;7.3;5;200;2;W 
09/12/2018;23;31.4;26.9;85;0.3;3.3;3;250;2;S 
10/12/2018;24;31;26.4;90;0;3.9;14;320;3;W 
11/12/2018;23;30.1;27.3;86;15.4;5.8;5;230;2;SW
12/12/2018;25;30.6;27.1;85;;3.7;5;240;3;SW
13/12/2018;25;31;27.1;82;0;7.2;4;250;2;W 
14/12/2018;25;28.4;26;89;0.3;2.1;4;28;2;NW
15/12/2018;23;30.4;26.4;84;9.9;0.2;6;250;2;W 
16/12/2018;24;28.6;25.6;88;8;4.5;3;230;2;SW
17/12/2018;23;30;26.5;84;1;0;5;180;2;C 
18/12/2018;22;30.5;26.3;82;0;2.9;5;230;2;W 
19/12/2018;23;30.4;26.3;85;6.3;9.8;4;190;2;S 
20/12/2018;23;29.8;25.2;90;0;4.6;4;250;2;W 
21/12/2018;23;29.8;25.8;87;3.2;0.9;4;210;2;SW
22/12/2018;23;30.4;26.6;83;1.5;2.2;5;260;2;SW
23/12/2018;23;29.2;25.9;88;14;5.7;5;230;3;NW
24/12/2018;23;28.8;25.3;89;8;2.5;5;260;2;N 
25/12/2018;23;28.6;25.3;89;4;0.3;5;270;2;C 
26/12/2018;22;30.4;25.8;84;15;0.1;5;230;2;W 
27/12/2018;22;31;26.1;80;0;;4;270;2;W 
28/12/2018;23;31.2;27.7;73;0;6.2;6;280;4;W 
29/12/2018;25;31.4;27.3;79;0;10.7;6;250;4;W 
30/12/2018;24;31.3;25.9;84;8888;5.1;8;270;5;NW
31/12/2018;22;29.8;25.6;84;15;2.2;6;270;4;W 
01/01/2019;23.2;30.4;25.7;84;0;6.3;5;270;3;W 
02/01/2019;23.2;29.2;25;89;3.6;2.5;4;330;2;NW
03/01/2019;22.6;27.6;24.6;89;12.4;0.4;7;270;3;W 
04/01/2019;23.2;31.7;26.7;80;22.4;0.2;4;230;2;W 
05/01/2019;22.7;30.4;25.7;89;26.2;8.5;3;180;1;C 
06/01/2019;23;32;26.7;85;8;7.6;4;230;1;C 
07/01/2019;23.8;32.8;26.9;84;41.3;7.5;5;350;2;W 
08/01/2019;23.4;31.2;27;84;4;8.2;4;250;2;W 
09/01/2019;23.2;31.9;26.4;86;0;5.9;5;350;2;C 
10/01/2019;22.6;32.4;27.6;80;13.2;6.5;4;250;2;W 
11/01/2019;24.5;32.6;26.2;87;0;9.1;5;210;2;W 
12/01/2019;21.2;31.3;27.2;87;0;6.1;6;240;3;SW
13/01/2019;21.2;30.4;26.2;88;0;9.6;3;270;2;W 
14/01/2019;23;32.1;26;86;16.6;3.9;5;330;2;W 
15/01/2019;23.2;31.8;27.3;84;10.9;5.3;6;200;3;C 
16/01/2019;23;28.6;24.9;90;19.8;8.4;5;320;2;NW
17/01/2019;23;31.6;26;90;15.9;2.2;7;230;2;W 
18/01/2019;23.4;31.8;26.4;87;18.1;5.4;5;270;3;W 
19/01/2019;23.2;;27.3;82;4.2;7.2;4;270;2;W 
20/01/2019;23.4;31;26.3;87;2.8;3.7;4;330;2;NW
21/01/2019;23.8;30;26.6;87;8.5;4.8;5;230;3;W 
22/01/2019;23.4;28.9;24.9;93;12.6;2.9;4;250;1;W 
23/01/2019;22.2;30.8;25.2;88;19.2;0;4;300;1;C 
24/01/2019;21.8;31.4;25.2;88;4.9;1;6;180;2;C 
25/01/2019;;31.6;25.1;92;20.7;6.6;6;320;1;C 
26/01/2019;22.8;31.3;26.6;82;28.7;;5;270;2;W 
27/01/2019;23.8;31.5;26.2;90;1.3;3.6;5;270;1;C 
28/01/2019;22.2;32.8;26.9;82;10;4;3;270;1;C 
29/01/2019;23.3;32.3;26.5;87;0;7.7;3;120;2;E 
30/01/2019;22.6;32.4;26.2;84;35;4.6;5;300;2;NW
31/01/2019;22.4;31;26.2;83;61.8;7.2;4;250;2;C 
01/02/2019;23.3;31.5;26.5;82;0.4;4.2;4;250;2;SW
02/02/2019;23.3;31.6;26.7;84;15.9;7.2;5;250;2;SW
03/02/2019;23.6;31.6;27.2;81;0;8.6;5;220;2;NW
04/02/2019;24.2;30.8;26.7;88;0;6.9;5;270;2;NW
05/02/2019;24.2;30.5;26.6;87;30.7;5.1;6;230;3;W 
06/02/2019;23.8;31.9;27.5;82;1;5.2;5;250;3;W 
07/02/2019;24;30.8;26.4;86;6.4;8.4;6;250;3;W 
08/02/2019;;29.8;25.1;90;31.5;4.3;4;230;2;C 
09/02/2019;24;30.5;26.6;84;2.9;3;4;260;2;W 
10/02/2019;;31.4;26.8;84;0;9.1;5;200;2;C 
11/02/2019;23.2;;25.5;86;10.5;5.2;4;230;2;C 
12/02/2019;23.6;29.4;26.1;88;2.2;4.8;5;230;2;C 
13/02/2019;23.9;32.1;26.9;82;0;;4;230;1;C 
14/02/2019;23;31;26;89;16.1;5.1;4;200;1;W 
15/02/2019;24;30.6;27.1;84;1;3.6;4;230;2;W 
16/02/2019;22.8;31.5;25.7;86;1.3;5.9;4;190;2;NW
17/02/2019;22.2;32;26.1;83;28.1;7.8;4;300;2;W 
18/02/2019;23.4;32.4;25.8;86;0;6.7;4;310;1;NW
19/02/2019;22.5;31.8;26.1;84;6.5;5.6;6;50;1;C 
20/02/2019;23;31;24.3;91;4;5.1;4;270;1;C 
21/02/2019;22.6;31.8;26.1;85;25.6;3.6;3;180;1;C 
22/02/2019;22.8;31.6;26;88;5.3;6.6;4;100;1;C 
23/02/2019;22;30.6;25.7;87;0.3;6.6;6;110;2;SW
24/02/2019;22.6;31.8;26;87;56.3;6.1;5;240;2;C 
25/02/2019;22.6;32.7;26.2;88;25;6.6;5;290;2;C 
26/02/2019;;33.2;27.7;79;29.3;;5;180;2;SE
27/02/2019;22.6;33.1;27.3;84;11.6;10;5;360;2;C 
28/02/2019;23.8;30.8;25.7;92;12.2;7.3;3;20;1;C 
01/03/2019;23.6;32.2;26;86;9.2;2.4;3;290;2;C 
02/03/2019;23.2;29.6;25.5;89;30.9;5.6;3;270;1;C 
03/03/2019;23.2;30.2;26.3;88;28.3;2;3;230;1;W 
04/03/2019;23.2;31.9;26.6;83;5;3;3;330;1;C 
05/03/2019;23.6;32.8;26.4;85;0;5.1;5;350;2;C 
06/03/2019;23;30.6;25.8;88;19.7;6.4;6;360;2;NW
07/03/2019;19.9;29.4;25.1;87;41.5;3.4;2;200;0;C 
08/03/2019;;30.6;26.2;86;0.5;0;4;270;1;C 
09/03/2019;23;31.9;26.9;82;0;1.9;5;260;2;W 
10/03/2019;23;29.5;25.8;84;0;8.3;4;260;2;W 
11/03/2019;22.6;31;25.5;88;3.5;8.3;4;230;2;N 
12/03/2019;22;31;26.1;84;6.9;4.9;3;250;2;SE
13/03/2019;23;32.2;26.2;86;2.4;5.9;3;40;2;SE
14/03/2019;22.6;32.4;27;81;19.3;4.7;3;270;1;W 
15/03/2019;23.2;;26.9;83;4;5.2;4;250;2;W 
16/03/2019;21.4;30.4;25.4;84;47;6.2;6;250;2;W 
17/03/2019;22.2;27.6;23.3;93;16.5;5.6;3;320;2;N 
18/03/2019;21.9;29.4;25.5;85;106.9;0.3;4;290;2;NW
19/03/2019;22.2;30.8;26.7;82;0.7;2.6;3;240;2;W 
20/03/2019;23.2;31.8;26.3;87;6.6;0.8;5;270;2;W 
21/03/2019;23.9;31.3;26.7;85;8888;4;4;250;2;W 
22/03/2019;23.2;31.6;26.1;89;30.7;8.1;6;310;2;C 
23/03/2019;22.6;31.1;26.1;88;55.8;5.5;5;230;2;SW
24/03/2019;23;28.8;25.6;90;33.9;0;2;200;1;S 
25/03/2019;23.8;31.3;26.7;88;6.2;0.3;4;270;2;C 
26/03/2019;;31.6;26.3;88;0;6.1;4;220;2;W 
27/03/2019;24;31.2;26.6;87;2.7;5.1;4;200;2;C 
28/03/2019;23.8;30.2;25.6;89;1.2;5.2;4;230;2;NE
29/03/2019;21.9;31.3;26.5;81;8.6;4.7;4;240;2;SW
30/03/2019;22.6;31.7;27;80;0;10.4;4;250;2;W 
31/03/2019;23.6;31.8;25;93;0;6.9;5;230;2;C 
01/04/2019;23.2;30.8;27.1;82;52.2;6.3;5;180;2;C 
02/04/2019;22.2;30.6;25.7;86;21.8;6.4;5;250;2;W 
03/04/2019;22.3;32;27;82;8888;7.4;6;230;2;W 
04/04/2019;;33.4;25.9;88;3;9.2;3;60;1;C 
05/04/2019;;30.8;25.8;90;46.3;4.5;4;250;2;C 
06/04/2019;22.4;30.2;26.4;90;46.3;3.7;6;270;2;SW
07/04/2019;22.8;31.3;26.9;82;0;7.1;4;260;2;W 
08/04/2019;23.3;31.4;26.2;88;0;9.6;3;180;2;W 
09/04/2019;23.8;31.8;27.2;83;10.1;5.7;3;260;2;W 
10/04/2019;23.8;31.8;26.8;85;0;6.6;5;240;2;W 
11/04/2019;24.5;30.6;26.7;91;0;7.9;4;230;1;C 
12/04/2019;22.2;31.6;26.3;80;15.6;4.2;3;240;1;C 
13/04/2019;24;31.6;27.4;84;0;6.1;4;260;2;W 
14/04/2019;24.2;33;28.2;82;0.8;3.5;3;190;2;S 
15/04/2019;23.6;32.1;26.6;85;0;6.6;3;290;1;C 
16/04/2019;24;31;26.8;87;12.5;6.2;5;250;2;N 
17/04/2019;23.2;32.2;26.3;89;23.6;4.4;5;280;2;C 
18/04/2019;23.4;32.8;27.4;85;30.4;7.1;3;170;1;C 
19/04/2019;24.2;32.7;27.9;82;0;5.6;5;160;3;SE
20/04/2019;23.9;31.4;27.1;82;0;8.7;3;180;2;S 
21/04/2019;23.3;33;27.7;74;4.7;4.1;6;120;3;E 
22/04/2019;23.2;33.4;27.7;78;0;8.9;5;270;2;C 
23/04/2019;24;33.6;27.9;80;0;8.2;3;150;2;E 
24/04/2019;24.4;32;27.8;81;0;7.9;5;330;2;C 
25/04/2019;25;32.6;28.2;80;1.5;4.2;4;200;2;W 
26/04/2019;23.2;32.8;27.5;78;0;5.2;4;270;2;C 
27/04/2019;23;32.4;27.1;80;0;8.9;4;270;2;W 
28/04/2019;23.3;31.6;26.6;86;0;10.4;4;90;2;C 
29/04/2019;24.4;32.5;;;17.1;4.7;3;100;1;C 
30/04/2019;23.2;32.2;27.1;84;76.5;;4;170;1;C 
01/05/2019;23.4;32.5;;;3.2;7.8;5;230;2;SW
02/05/2019;23.8;31.9;26.7;84;0;9;4;270;2;C 
03/05/2019;24;31.6;27.1;85;6.4;8.3;4;250;2;W 
04/05/2019;23;32.3;26.7;80;0;7.7;3;270;2;NW
05/05/2019;23;31.4;26.3;84;0;9.8;4;280;2;NW
06/05/2019;23;32.6;26.8;84;0;8.7;3;250;2;S 
07/05/2019;23;;26.5;84;25.4;8.5;4;120;2;C 
08/05/2019;;32;27.4;79;0.7;7.1;4;220;2;S 
09/05/2019;23;32;26.9;79;;8.9;3;150;2;S 
10/05/2019;22;32.2;26.8;76;0;5.5;4;120;2;S 
11/05/2019;23;32.1;27;74;0;5.6;4;180;2;W 
12/05/2019;23;32.1;26.4;77;0;7.8;5;190;2;SW
13/05/2019;22;32;27;76;0;6.2;4;260;2;W 
14/05/2019;23;33.2;27.2;78;0;8.2;3;280;2;E 
15/05/2019;23;32.6;27.6;78;0;7.7;4;250;2;W 
16/05/2019;23;31.4;27.1;79;0;6.7;3;220;2;C 
17/05/2019;22;31.1;25.9;79;0;8.2;4;230;2;C 
18/05/2019;21;31.5;25.8;78;0;9.2;4;280;2;NW
19/05/2019;21;31.4;25.7;81;0;8.8;4;230;2;W 
20/05/2019;;32;26.8;79;0;9.1;3;200;2;C 
21/05/2019;23;33.1;27.2;76;0;8.8;3;230;2;C 
22/05/2019;23;33.5;27.6;75;0;9.3;3;250;1;C 
23/05/2019;23;33.4;26.7;82;;10.6;4;230;2;W 
24/05/2019;23;33.5;27.2;78;0;8.7;3;150;2;NE
25/05/2019;22;32.4;26.7;76;0;8.9;4;280;2;W 
26/05/2019;;31.7;26;85;0;10.4;4;250;2;W 
27/05/2019;23;31.3;26.4;85;7.8;7.4;3;300;1;NW
28/05/2019;22;32.4;26.7;83;;5.1;3;70;2;W 
29/05/2019;23;32.4;27;78;0;9;3;160;1;NW
30/05/2019;23;32.3;26.7;78;0;7.8;4;290;2;C 
31/05/2019;21;31.4;25.6;78;0;8.6;4;260;2;W 
01/06/2019;21;30;25.1;81;0;8;3;320;2;W 
02/06/2019;22;30.2;25.3;83;0;4.8;4;270;2;W 
03/06/2019;22;29.4;25.3;84;0;0;3;300;1;W 
04/06/2019;22;31.2;25.9;82;0;0.3;4;270;2;W 
05/06/2019;23;30.8;25.9;84;0;5.5;3;250;2;W 
06/06/2019;21;31.6;25.8;83;0;5.7;4;260;2;NW
07/06/2019;23;29.2;25.2;88;0;8.5;3;260;2;W 
08/06/2019;21;29.7;25.1;81;0;1.2;4;250;2;W 
09/06/2019;22;29.6;25.3;83;0;9.2;4;290;2;W 
10/06/2019;22;30.7;25.5;82;0;5.2;5;260;2;NW
11/06/2019;22;31.9;26.5;77;0;8.4;4;260;2;W 
12/06/2019;21;31.2;25.8;78;0;8.9;4;270;2;NW
13/06/2019;22;30.8;26;83;0;9.5;4;260;2;W 
14/06/2019;24;30.8;26;84;0.7;9.6;3;200;2;C 
15/06/2019;24;30.9;26.4;83;0;0.3;5;280;2;W 
16/06/2019;22;31.4;25.7;79;0;5.4;5;280;2;W 
17/06/2019;20;31.6;24.7;74;;9.2;3;120;2;NW
18/06/2019;19;30.7;24.3;78;0;10.4;4;220;2;W 
19/06/2019;20;29.6;24.2;80;0;9;6;290;2;W 
20/06/2019;19;29.5;23.2;76;0;9.5;4;290;2;W 
21/06/2019;18;31.4;22.8;81;0;10;4;230;2;W 
22/06/2019;18;30.4;23.3;79;0;10.2;4;250;2;W 
23/06/2019;19;29.8;23.6;80;0;7.8;5;260;2;W 
24/06/2019;20;30.6;24.8;76;0;8.5;4;280;2;W 
25/06/2019;18;31;23.8;78;0;9.9;4;230;2;NW
26/06/2019;19;31.6;24;81;0;9.9;5;270;3;W 
27/06/2019;20;;23.8;82;0;5.7;5;270;2;W 
28/06/2019;19;;24;73;0;2.9;4;120;2;S 
29/06/2019;19;30.4;23.9;75;0;10.8;5;280;2;W 
30/06/2019;18;28.9;23.3;74;0;0;4;240;2;W 
01/07/2019;;29.2;22.9;78;0;9.3;5;270;2;W 
02/07/2019;19;30.6;23.8;74;0;10.5;4;270;2;W 
03/07/2019;19;31.3;25;80;0;11.9;4;220;2;NW
04/07/2019;21;29.4;24.7;86;0;9.1;5;180;2;W 
05/07/2019;21;29.4;25.2;84;1.8;6.8;3;260;2;SW
06/07/2019;21;31.4;25.1;83;0;0;5;290;2;W 
07/07/2019;21;30.6;24.8;80;0;9.6;4;300;2;W 
08/07/2019;21;31.2;24.5;82;0;9.3;4;290;2;W 
09/07/2019;19;29.7;23.7;76;0;8.2;4;260;2;SW
10/07/2019;19;31.5;23.9;75;0;10.1;4;90;2;W 
11/07/2019;19;30.2;24.2;80;0;10.6;4;250;2;W 
12/07/2019;19;29.8;23.7;80;0;7.2;6;280;2;W 
13/07/2019;20;30.4;24.2;74;0;9.7;6;200;2;S 
14/07/2019;18;29.4;22.9;77;0;10;5;260;3;W 
15/07/2019;;30.4;23.5;76;0;10.9;4;160;2;S 
16/07/2019;;29.2;23.2;77;0;8;4;210;2;SW
17/07/2019;18;29.6;23.6;77;0;7.2;4;250;2;W 
18/07/2019;20;30.3;24.1;81;0;10;4;300;2;NW
19/07/2019;21;28.4;24;84;0;10;4;280;1;C 
20/07/2019;22;27.6;24.6;88;0;0.2;4;260;2;C 
21/07/2019;23;29.4;25.1;85;0;1.3;4;290;2;W 
22/07/2019;21;29.5;24.3;82;0;5.7;5;7;2;W 
23/07/2019;21;30.6;24.8;78;0;10.2;4;290;2;W 
24/07/2019;21;29.8;25.2;78;0;8.5;4;290;2;W 
25/07/2019;19;30.8;23.7;79;0;8.7;5;250;2;W 
26/07/2019;20;30.3;24.8;80;0;9.9;5;240;2;W 
27/07/2019;21;27.4;24;86;0;7.8;3;290;2;W 
28/07/2019;20;27.8;23.4;81;0;1.9;5;270;3;W 
29/07/2019;21;29.4;23.8;81;0;6.9;4;260;2;W 
30/07/2019;21;29.8;24.8;79;0;6.8;4;300;2;SW
31/07/2019;21;29.2;24.6;78;0;8.3;5;260;2;W 
01/08/2019;22;30.2;25;79;0;6.8;4;290;2;W 
02/08/2019;21;30.4;25;77;0;8.7;4;200;2;S 
03/08/2019;19;30.4;23.9;72;0;8.6;5;220;2;SW
04/08/2019;20;29.4;24.2;73;0;9.3;6;210;3;S 
05/08/2019;18;28.4;23;74;0;9.2;5;250;3;W 
06/08/2019;19;28.2;23.2;77;0;;7;250;3;W 
07/08/2019;19;28.3;23.3;78;0;10.4;5;210;2;W 
08/08/2019;20;29.4;24.1;77;0;10.2;3;260;2;W 
09/08/2019;21;30.4;24.8;74;0;4.7;6;260;2;W 
10/08/2019;19;30.4;24.5;77;;8.2;4;270;2;W 
11/08/2019;19;30;23.7;77;0;10;6;260;3;W 
12/08/2019;;30;23.9;81;0;9.8;5;260;2;W 
13/08/2019;21;30.6;24.9;80;0;7.7;5;280;2;W 
14/08/2019;21;30.6;24.8;84;0;8;4;280;2;W 
15/08/2019;22;30.2;25.4;80;0;7.3;6;280;2;W 
16/08/2019;20;;24.7;78;0;7.4;5;270;3;W 
17/08/2019;21;31.8;25;73;0;9.8;3;240;2;SW
18/08/2019;18;;24;73;0;7.6;5;270;2;W 
19/08/2019;20;29.6;24.1;74;0;10.5;5;220;3;SW
20/08/2019;21;30.4;25.1;75;0;9.6;4;280;2;W 
21/08/2019;20;30.5;24.2;81;0;10.4;6;250;3;W 
22/08/2019;21;31;25.3;78;0;9.3;4;270;2;W 
23/08/2019;19;31;24.4;74;0;6.5;4;270;3;W 
24/08/2019;20;32;24.1;79;0;9.8;6;240;3;NW
25/08/2019;21;27.6;24;85;0;6.6;4;270;3;W 
26/08/2019;22;27.4;24.6;84;1.3;0.5;4;260;2;W 
27/08/2019;22;29.5;25.3;77;0;0.1;4;200;2;W 
28/08/2019;19;31;25;74;0;5.3;4;280;2;W 
29/08/2019;19;30.4;24.1;81;0;10.2;7;280;2;W 
30/08/2019;20;31;24.4;79;0;7.7;4;270;3;NW
31/08/2019;19;31;24.3;75;0;9.5;4;210;2;SW
01/09/2019;20;31;24.7;78;0;9.1;5;250;3;W 
02/09/2019;21;29.8;25.1;76;0;9.2;5;240;2;W 
03/09/2019;21;29.4;24.4;79;0;8.7;6;250;3;W 
04/09/2019;21;32;25.6;72;0;6.5;6;250;2;W 
05/09/2019;18;30.8;24.5;70;0;10.5;6;250;2;W 
06/09/2019;19;29.8;24;76;0;9.7;6;290;2;W 
07/09/2019;20;31;25.1;76;0;7.2;5;250;3;S 
08/09/2019;22;32;25.7;77;0;8.7;6;260;3;SW
09/09/2019;22;32.8;25.9;76;0;6.1;5;280;2;W 
10/09/2019;20;32.8;25.4;77;0;9.7;6;270;3;W 
11/09/2019;21;32;25.1;78;0;9.3;5;280;2;W 
12/09/2019;19;30.2;24.3;68;0;9.6;6;220;3;S 
13/09/2019;19;29.6;23.9;73;0;0.3;4;260;3;W 
14/09/2019;20;31.4;25.1;72;0;0;6;230;2;W 
15/09/2019;21;31.4;25.1;76;0;0;5;190;3;W 
16/09/2019;20;30.5;24.8;80;0;7.4;5;300;2;W 
17/09/2019;20;32.6;25.4;75;0;9.1;5;270;2;W 
18/09/2019;20;31.8;24.6;78;0;8.3;4;240;3;W 
19/09/2019;21;30.5;25;77;0;10.2;5;300;3;W 
20/09/2019;20;31.3;25;75;0;9.1;4;230;2;C 
21/09/2019;20;30.6;25.6;75;0;9.5;4;250;2;W 
22/09/2019;20;32;25.3;75;0;3.8;5;250;3;W 
23/09/2019;21;32.2;26.1;75;0;9.5;5;260;2;W 
24/09/2019;21;32.1;26.2;78;0;8.9;5;250;3;W 
25/09/2019;22;32;26.2;78;0;10;5;270;2;W 
26/09/2019;22;32.4;26.5;76;0;10;5;260;3;W 
27/09/2019;23;30.7;26.3;76;0;10;5;230;3;W 
28/09/2019;23;31.7;26.7;78;0;4.9;4;230;2;W 
29/09/2019;23;31.8;26.5;78;0;5.5;5;270;3;W 
30/09/2019;22;31.6;25.9;77;0;6.5;6;260;3;W 
01/10/2019;20;31;25.5;76;0;10.1;5;250;3;W 
02/10/2019;23;31.8;26;79;0;10.2;5;250;3;W 
03/10/2019;23;32;26.4;78;0;7.1;7;270;3;W 
04/10/2019;23;31.3;26.6;78;0;7.4;6;230;3;W 
05/10/2019;19;32.6;26.1;72;0;7.4;6;200;3;W 
06/10/2019;23;31.2;25.9;78;0;10.3;5;260;3;W 
07/10/2019;23;31.8;26.5;79;0;8;6;230;3;W 
08/10/2019;23;32.8;26.6;78;0;5;5;290;3;W 
09/10/2019;23;30.4;25.9;81;0;7.7;5;280;3;W 
10/10/2019;23;31.8;26.4;81;0;8.2;5;270;3;W 
11/10/2019;24;;27.8;78;0;7.1;6;270;3;W 
12/10/2019;23;32;26.7;81;0;9.3;7;310;3;W 
13/10/2019;23;31.9;26.2;82;0;8.2;4;250;2;W 
14/10/2019;23;31.4;26.5;78;0;7.9;6;270;4;SW
15/10/2019;23;31.8;26.8;75;0;7.5;6;220;3;SW
16/10/2019;23;30.8;26.4;77;0;5;4;240;2;SW
17/10/2019;22;31.4;26.4;74;0;3.7;6;250;3;W 
18/10/2019;22;32.4;26.6;75;0;8;6;280;3;W 
19/10/2019;22;33.2;26.9;78;0;10.2;6;270;3;W 
20/10/2019;24;31.8;;;0;9.7;5;210;3;SW
21/10/2019;22;36.4;28.2;72;0;8;6;110;3;W 
22/10/2019;22;31.8;26.4;81;0;10.5;6;250;3;W 
23/10/2019;24;33.2;27.3;73;0;9.3;6;260;3;W 
24/10/2019;22;32.2;26.2;81;0;8.5;6;250;3;W 
25/10/2019;23;32.2;26.9;78;0;10.1;6;250;3;W 
26/10/2019;23;32.2;27.5;76;0;10.6;5;230;3;SW
27/10/2019;22;32.8;27.4;74;0;6.5;5;250;3;W 
28/10/2019;23;31.8;26.9;79;0;10.7;6;260;3;W 
29/10/2019;23;31.6;26.4;80;2.5;9.6;6;270;3;W 
30/10/2019;21;32;26.7;78;0;8.8;6;260;3;W 
31/10/2019;24;32.6;27.7;76;0;9.9;6;270;3;W 
01/11/2019;23;28.8;25.9;85;33;7.7;5;240;2;S 
02/11/2019;24;27.8;24.8;86;5.2;2.8;4;190;2;S 
03/11/2019;23;27.8;25.1;86;1.6;0;4;290;2;SW
04/11/2019;23;27.6;24.8;88;1;0.4;3;260;2;W 
05/11/2019;23;31;26;82;0;1;5;270;3;W 
06/11/2019;20;32.4;26.2;72;0;8.8;5;270;3;W 
07/11/2019;21;32.6;26.6;71;0;11.5;4;270;2;W 
08/11/2019;23;31.8;27;75;0;11.1;4;280;3;W 
09/11/2019;24;31.8;27.6;76;0;6.2;6;250;3;SW
10/11/2019;24;31.8;27.4;79;0;8.8;6;230;4;SW
11/11/2019;25;31.5;27.6;77;0;8.2;6;270;3;W 
12/11/2019;24;32;27.6;78;0;8;5;250;3;W 
13/11/2019;24;34.2;28;80;1.3;7.2;5;120;2;W 
14/11/2019;;34.6;27.9;78;15;8.7;5;140;2;NW
15/11/2019;24;32.3;27.4;81;0;6.3;5;230;3;SW
16/11/2019;22;31.8;27.2;77;0;10.4;6;270;3;SW
17/11/2019;25;32.3;27.8;80;0;7.6;6;260;3;SW
18/11/2019;24;33.1;27.4;83;0;8.5;5;240;3;W 
19/11/2019;24;32.6;27.5;82;0;6.9;5;290;2;W 
20/11/2019;25;30.6;26.8;84;0;8.8;5;250;3;W 
21/11/2019;24;32;27.6;78;0;4.1;5;260;3;W 
22/11/2019;24;31.2;27;80;0;7.9;5;270;2;W 
23/11/2019;25;32.4;27.5;82;0;6;5;250;2;W 
24/11/2019;24;31.8;26.8;87;37.8;6.6;5;250;3;W 
25/11/2019;24;31.8;27.4;84;7.2;7.6;4;230;2;W 
26/11/2019;23;32.2;27.3;78;0;6.6;5;280;3;W 
27/11/2019;23;32.4;27.1;79;0;10.8;4;280;2;W 
28/11/2019;;32.2;27.2;80;0;7.1;5;270;2;W 
29/11/2019;25;31.9;27;86;0;6.7;4;220;2;SW
30/11/2019;24;32.5;27.5;80;34.9;5.1;7;190;3;SW
01/12/2019;24;32.2;27.7;84;2;7.7;4;270;2;W 
02/12/2019;24;33.5;28.5;83;0;7.8;6;250;3;SW
03/12/2019;25;31.9;28.4;79;0;7.5;4;270;2;W 
04/12/2019;25;32.4;28;81;13;8.2;5;260;2;W 
05/12/2019;24;32.6;28.3;77;0;7.6;4;220;2;W 
06/12/2019;24;32.8;27.2;84;;;5;250;2;SE
07/12/2019;22;33.3;27.2;80;29.4;5.5;7;250;3;SE
08/12/2019;23;32.8;26.8;85;14.5;10.1;2;270;1;C 
09/12/2019;24;32;26.9;86;0;4.2;6;240;2;C 
10/12/2019;24;32.2;27.4;84;3.4;5.6;5;200;2;W 
11/12/2019;24;31.2;26.5;87;35.7;9.5;5;220;2;SW
12/12/2019;22;31.8;27.1;84;12.6;4;3;220;2;SW
13/12/2019;24;31.6;25.9;87;1.1;2.7;6;70;2;W 
14/12/2019;22;32;26.8;84;12.8;4.4;3;240;2;SW
15/12/2019;22;31;26.2;88;55.3;6.2;10;320;2;W 
16/12/2019;24;31;25.8;89;8888;5.6;4;220;2;N 
17/12/2019;22;31.5;26.1;86;6.2;4.3;6;240;2;C 
18/12/2019;23;31.4;26.2;88;15.6;5.8;6;250;3;W 
19/12/2019;23;32.7;26.6;88;23;7.7;6;290;2;W 
20/12/2019;;32.6;27.7;80;10.5;7.2;4;250;2;C 
21/12/2019;25;32.1;27.9;84;0;9.5;9;150;3;C 
22/12/2019;23;32.6;26.3;86;14.5;6.4;6;270;3;W 
23/12/2019;23;30.6;26.9;85;13.7;4.6;4;260;2;W 
24/12/2019;23;32.6;27.4;79;0;3.9;5;330;2;C 
25/12/2019;24;31.6;25.7;88;1.6;7.5;4;300;2;N 
26/12/2019;;32;26.7;85;9.2;2.7;4;240;2;SW
27/12/2019;24;32.6;26.9;85;0;4.1;6;220;1;C 
28/12/2019;;31.8;24.8;93;48.4;4.7;2;360;1;N 
29/12/2019;24;32;26.1;84;2.3;3.4;6;30;2;C 
30/12/2019;24;31.8;26.3;88;4.5;2.2;4;180;2;NE
31/12/2019;23;31.7;25.4;92;8.7;4.8;6;180;3;S 
01/01/2020;23.4;31.2;25;90;29.5;4.8;7;290;2;C 
02/01/2020;22.2;30.4;25.4;87;30.9;2.9;4;330;1;C 
03/01/2020;;29.4;25.2;90;13.3;1.8;8;290;2;W 
04/01/2020;23.2;30.4;27.3;83;46.6;2.6;6;250;2;NW
05/01/2020;24.5;27.9;25.2;94;3;1.3;4;33;1;C 
06/01/2020;;31.7;;;;;5;180;3;NW
07/01/2020;23.7;29.1;26.1;90;29.6;7.7;5;180;2;SW
08/01/2020;24;29.3;25.7;90;0;1.8;3;200;1;S 
09/01/2020;23.8;30.2;26.6;85;2.6;2;3;240;1;W 
10/01/2020;23;30.3;25.6;90;19.1;3.6;10;220;2;SW
11/01/2020;;30.2;26.8;82;9.2;1.6;12;280;3;W 
12/01/2020;23.2;30.9;26.6;80;5.5;5.8;8;270;3;W 
13/01/2020;23.8;31.8;27.6;78;0;6.9;6;250;3;W 
14/01/2020;24.6;32.6;28;80;0.7;9.6;4;210;2;SW
15/01/2020;24.4;31.8;27.4;84;0;;5;230;2;SW
16/01/2020;23.4;31.4;27.5;86;18.6;6;2;260;1;W 
17/01/2020;23.4;32.4;27.9;78;0.4;4.4;3;270;1;C 
18/01/2020;22.4;32.9;27.7;74;0;10.1;3;230;2;W 
19/01/2020;23.2;33.2;28;76;0;11.4;4;270;2;C 
20/01/2020;23.2;32.8;28.1;80;0;;2;270;1;SW
21/01/2020;23.4;33.2;27.1;80;0;11.5;3;270;1;C 
22/01/2020;23.5;32.6;27.2;84;2.2;7.8;7;270;2;C 
23/01/2020;23.2;31.8;26.5;87;6.8;6.1;3;230;1;C 
24/01/2020;23.5;32.8;28;80;8.5;4.2;5;270;2;C 
25/01/2020;24.8;31.4;26.2;91;0;7.8;5;300;1;C 
26/01/2020;23.6;31.8;27.3;82;30.8;4.4;2;300;1;C 
27/01/2020;23.3;31.7;26.6;84;0;5.6;6;60;2;C 
28/01/2020;23.1;32.3;27.7;83;8;5.7;2;280;1;C 
29/01/2020;24.3;32.6;27.6;84;3.2;5.6;3;180;1;C 
30/01/2020;24;30.6;26.2;85;0;3.1;5;220;2;W 
31/01/2020;22.7;32.4;26.6;84;5.1;2.5;4;300;1;C 
01/02/2020;23.6;32.4;27.2;83;3;6.3;4;320;1;C 
02/02/2020;;30.6;26.1;89;0;7.1;2;200;1;C 
03/02/2020;24.2;31.7;26.5;86;14.8;0;3;270;1;C 
04/02/2020;23.4;32;26.6;85;1.2;5.8;4;80;1;C 
05/02/2020;23.1;31.2;26.7;85;10.9;6.4;6;230;3;C 
06/02/2020;23.8;31.7;27.3;83;0;6.9;6;200;2;W 
07/02/2020;24.2;32.3;27.2;81;;5.7;4;360;2;N 
08/02/2020;23.4;31.6;26.4;86;8;4.8;4;280;1;C 
09/02/2020;24.2;30.4;26.5;86;0.3;4.2;6;200;2;S 
10/02/2020;23.3;31.2;26.6;80;13.5;1.3;5;250;2;W 
11/02/2020;;31.3;26.5;86;1.4;6.4;4;240;2;C 
12/02/2020;23.9;31.2;26.4;84;9.5;3.8;3;220;1;C 
13/02/2020;22.6;31.8;26.4;86;2.7;3.8;3;120;1;C 
14/02/2020;24;32.6;26.3;86;4.7;;6;220;1;C 
15/02/2020;22.2;32.3;26.4;87;77.2;4.5;3;230;1;C 
16/02/2020;23.4;31.4;26.8;83;2;6;6;350;3;S 
17/02/2020;23.8;;26.3;84;2.7;6.7;5;240;3;SW
18/02/2020;24.3;31.6;26.5;82;0.4;4;5;260;2;W 
19/02/2020;23.3;30.6;26.7;85;12.8;4.2;5;180;2;N 
20/02/2020;;29.2;25.2;91;26.3;5.5;5;320;2;N 
21/02/2020;23.1;32;26.2;88;24.5;1.1;5;200;2;SW
22/02/2020;23.6;31.8;27;86;27;6.7;6;180;2;S 
23/02/2020;23.2;33;27.3;82;0;6.4;6;230;2;C 
24/02/2020;23.5;31.2;26.3;87;0.3;8.3;4;90;1;E 
25/02/2020;23.4;31.4;26.4;89;6.1;5;6;270;1;C 
26/02/2020;23.4;31.8;26.3;89;29.8;4.1;4;50;1;C 
27/02/2020;23.6;32.6;27.1;84;7.1;3.7;3;230;1;C 
28/02/2020;24.2;31.7;;;0;5.3;5;320;2;C 
29/02/2020;23.8;31.4;26.4;90;0;3.1;6;180;2;C 
01/03/2020;23.7;30;24.5;96;59.5;4;3;300;0;C 
02/03/2020;23.2;30.8;26.5;89;49.6;1;2;100;1;C 
03/03/2020;23.5;31.8;26.1;90;24.4;4.8;10;320;2;C 
04/03/2020;23.3;29.1;25.5;94;39.6;5.1;3;270;1;W 
05/03/2020;22.2;27.4;24.4;87;89.8;0.8;5;300;2;NW
06/03/2020;23.4;32;27.5;79;2.3;0.2;3;240;2;SW
07/03/2020;24.2;30.8;26.6;82;1;8.9;6;280;2;SW
08/03/2020;23.1;30.2;25.6;90;20.8;2.4;6;180;2;C 
09/03/2020;24;28.2;25.5;90;9.6;1.8;8;190;2;S 
10/03/2020;22.9;31.8;26.8;80;16.4;0;5;200;2;SW
11/03/2020;24.7;32.6;27;86;0;8.7;3;180;1;C 
12/03/2020;23.3;31;26.2;89;14.7;5.2;6;90;1;E 
13/03/2020;23.8;31.8;27.3;84;7.5;4.6;2;240;1;C 
14/03/2020;23.5;33;27.8;78;0;5.3;3;280;1;C 
15/03/2020;24.6;33.2;27.9;81;0;7.7;3;230;1;SE
16/03/2020;23.6;32.2;27.8;80;1.8;7;5;180;2;S 
17/03/2020;24.7;32.7;27.7;82;0;7.5;3;130;1;C 
18/03/2020;24.6;31.9;26.5;87;9.7;6.8;3;290;1;C 
19/03/2020;24;31.4;25.6;90;39.6;2.4;6;360;1;C 
20/03/2020;23;31.6;26;89;39.6;2.8;5;290;1;C 
21/03/2020;23.2;32.6;26.8;86;35;6.2;4;250;1;C 
22/03/2020;24.6;32.6;27.4;85;1.5;7.3;3;250;1;C 
23/03/2020;;29.7;24.1;95;76.4;3.2;3;220;1;N 
24/03/2020;;;;;;;;;;
25/03/2020;23;32;26.2;88;36.8;6.7;6;100;1;C 
26/03/2020;23.2;33;27.9;80;72.3;5.3;3;110;2;E 
27/03/2020;23.6;32.5;27.7;83;0;10.3;4;140;1;C 
28/03/2020;23.4;32.4;26.9;85;1;6.7;8;300;2;C 
29/03/2020;22.4;32.6;26.8;83;28;5.7;3;150;1;C 
30/03/2020;;31.4;26.8;88;4.5;5.5;3;250;1;C 
31/03/2020;24.8;31.6;26.8;89;0;6;3;230;1;C 
01/04/2020;22.9;30.4;25.7;89;61.3;5.8;3;130;1;C 
02/04/2020;23.8;30.4;27;86;0;3.8;2;230;1;C 
03/04/2020;24.6;31.6;26.6;89;;2;4;260;2;E 
04/04/2020;24;31.9;26.8;90;29;4.1;3;200;1;C 
05/04/2020;24.1;31.6;26.5;89;3.9;4.5;5;170;2;S 
06/04/2020;23.2;30;25.8;88;78.4;4.4;3;300;1;C 
07/04/2020;23.5;31.4;26.4;85;3.8;3.8;4;70;2;C 
08/04/2020;22.8;31.4;26.9;83;2.5;8.4;5;210;2;SW
09/04/2020;23.1;32.4;27.2;83;0.9;;3;130;1;C 
10/04/2020;23;32.3;27.3;83;7.2;6.9;5;180;2;C 
11/04/2020;24.2;30.4;27;87;25.6;1.8;5;260;2;W 
12/04/2020;23;31.8;27.1;81;1.6;7.3;4;220;2;S 
13/04/2020;22.7;32.4;27.5;76;0;10.1;3;200;1;C 
14/04/2020;22.9;32.2;;;0;6.9;3;80;1;C 
15/04/2020;23.2;32.3;;;;6.3;3;300;2;W 
16/04/2020;23.3;32.8;26.7;83;8888;3.9;2;290;1;C 
17/04/2020;24.3;32.2;26.3;87;1;3.9;8;80;2;C 
18/04/2020;21.8;30.6;25.1;88;55;4;4;30;1;C 
19/04/2020;23.4;32.2;27.1;84;1.8;5.2;3;220;1;C 
20/04/2020;24.4;32.2;27.3;86;10.4;2.7;3;50;1;C 
21/04/2020;24.8;31.6;27.4;87;8888;4.7;5;270;2;C 
22/04/2020;;33.2;28.5;80;9.2;0;4;150;1;C 
23/04/2020;24.5;33.8;28.9;79;;7.2;5;120;2;S 
24/04/2020;23.6;32.8;27.4;82;13;9;3;300;1;C 
25/04/2020;23.3;32.2;26.3;86;;8.8;3;280;1;C 
26/04/2020;23.2;32.8;27.5;82;42.7;1.4;4;120;1;C 
27/04/2020;25;31.2;26.5;90;0;7.8;5;230;1;C 
28/04/2020;25;31.4;27.3;82;1.5;3.5;5;270;2;SE
29/04/2020;23.5;31.3;26.2;90;3;2.5;5;140;2;C 
30/04/2020;23.4;32.9;27.4;80;0.9;3.2;3;110;1;C 
01/05/2020;23.4;32.2;27.2;80;;7.6;4;240;2;SW
02/05/2020;24.1;30.8;27.2;82;;6.7;4;250;2;W 
03/05/2020;22.6;31.6;27.2;82;0;8.3;4;70;2;E 
04/05/2020;;32.8;27.2;82;0;6.3;3;100;2;SE
05/05/2020;23.8;32.5;27.4;82;0;7.3;4;280;2;W 
06/05/2020;24.4;31.8;27.2;84;0;5.5;5;200;2;C 
07/05/2020;24.2;31.6;;;8888;5.4;4;260;2;W 
08/05/2020;23.2;32.4;27.4;85;0;6.2;3;200;1;C 
09/05/2020;24;32.1;26.6;90;54.5;6.1;4;290;1;C 
10/05/2020;23;32.2;27.1;84;77.5;6;5;260;2;W 
11/05/2020;24.9;31;24.8;96;;6.8;2;20;1;N 
12/05/2020;23.2;32.2;27.2;81;50.5;2.3;3;160;1;C 
13/05/2020;23.6;32.5;27.8;78;;9.4;2;135;1;SE
14/05/2020;23.6;31;26.9;82;0;8.8;4;160;2;SE
15/05/2020;23;32.4;27.4;78;0;4.4;3;120;1;C 
16/05/2020;24;33;28;83;0;7.1;4;180;1;C 
17/05/2020;24.4;31.9;28;82;;7.4;3;190;2;S 
18/05/2020;24.4;30.3;26.2;88;0;5.8;8;270;2;W 
19/05/2020;23.7;29.6;26;92;12.4;1.5;3;150;1;E 
20/05/2020;23.4;32;26.4;88;13;1.3;3;300;1;C 
21/05/2020;24.3;29.3;26.5;88;3.7;5.5;5;260;2;C 
22/05/2020;23.8;;27.8;80;0;0.9;3;200;1;C 
23/05/2020;22.7;32.5;27.4;80;;9.1;4;220;2;SW
24/05/2020;23.2;32.1;27.9;80;;10.4;4;300;2;W 
25/05/2020;;;;;;;;;;
26/05/2020;25;27.8;25.4;94;8888;9.9;5;260;2;W 
27/05/2020;23.3;30.7;26.4;87;12.8;0;2;340;1;W 
28/05/2020;22.9;28.6;25.8;90;1.5;4.4;3;160;1;S 
29/05/2020;23.6;31.4;26.8;86;12;0.3;4;220;2;S 
30/05/2020;22.7;32.2;26.7;86;2.7;5;4;240;2;SW
31/05/2020;23.6;30.2;26.1;90;29.5;7.5;3;150;2;C 
01/06/2020;23.4;31.2;27;86;1;1.5;5;60;2;C 
02/06/2020;23.6;31.8;27.1;85;0;3;5;120;2;SE
03/06/2020;23.2;32.9;27.5;76;0;2.3;5;30;2;NE
04/06/2020;22.4;31.6;26.5;79;0;5.3;3;130;2;E 
05/06/2020;21.7;;24.8;92;4.5;7.8;3;120;1;C 
06/06/2020;22.2;29.6;25.5;85;0;;4;230;2;S 
07/06/2020;19.9;30.5;26.4;82;1.5;4;5;250;2;C 
08/06/2020;23.3;31.4;26.1;86;0;5.4;3;270;1;C 
09/06/2020;23.4;30.8;26.5;85;20.3;6;3;160;1;C 
10/06/2020;22.2;32;26.4;79;;6.2;3;300;2;NW
11/06/2020;22.4;30.9;26.4;81;0;;4;180;2;S 
12/06/2020;22.4;;26;80;;8.2;5;240;2;W 
13/06/2020;21;31.2;25.9;78;0;9.5;4;260;2;W 
14/06/2020;23.8;30.1;26.6;86;0;8.1;3;260;2;SW
15/06/2020;23.6;30.6;26.3;90;0;4.3;3;180;1;C 
16/06/2020;23.8;32.3;27.7;80;;2.6;5;310;2;E 
17/06/2020;23.6;;27.2;80;0;8.5;6;120;2;NE
18/06/2020;23.5;33;28;79;;8.8;5;180;2;S 
19/06/2020;23.4;29.9;26.1;84;0;7.6;6;140;2;C 
20/06/2020;21.8;30.9;26.1;78;0;3.3;4;240;2;C 
21/06/2020;22.2;31.7;26.1;84;0;5.7;6;270;2;W 
22/06/2020;23.4;31.6;26.7;84;14.1;7;5;140;2;SE
23/06/2020;21.5;31.7;26;78;0;6;5;280;1;C 
24/06/2020;23.5;31.1;26.4;79;;7.1;4;270;2;W 
25/06/2020;21.4;;25.4;79;0;7.6;4;260;2;S 
26/06/2020;20.6;30.3;25.7;77;;8.9;5;270;3;W 
27/06/2020;21.6;32.2;26.2;77;0;8.1;4;180;2;W 
28/06/2020;21;31.2;25.8;75;0;9.4;4;310;2;W 
29/06/2020;22.3;31;26.2;77;;10.1;3;280;1;S 
30/06/2020;21.8;32;26.1;78;0;9.3;4;270;2;W 
01/07/2020;22.2;29.7;25.7;80;0;9.5;6;270;3;S 
02/07/2020;22.8;30.2;26;81;0;5.8;5;250;2;C 
03/07/2020;;;;;;;;;;
04/07/2020;21.7;31.4;26.3;74;;4;3;260;2;W 
05/07/2020;21;31.7;26.1;76;;7.6;4;270;2;S 
06/07/2020;23.4;29.9;26.5;80;;7;5;310;2;S 
07/07/2020;23;30.1;25.9;82;2.8;1.9;2;200;1;C 
08/07/2020;21.4;30.6;25.7;84;0;1.6;4;120;2;C 
09/07/2020;23;29.7;25.9;86;0;5.8;6;160;3;S 
10/07/2020;21.8;29.8;25.6;85;0;3.8;3;180;1;S 
11/07/2020;;;;;;;;;;
12/07/2020;23.8;30.9;26.6;84;;9.3;3;280;2;W 
13/07/2020;21.7;31.6;26.2;84;0;4.9;4;250;2;W 
14/07/2020;23.7;;;;;5.4;3;300;2;W 
15/07/2020;22.2;32.2;26.8;88;0;7.6;3;120;1;C 
16/07/2020;23.6;32.1;27.2;84;;7;3;160;2;SE
17/07/2020;22.6;30.6;26.1;89;0;5.4;6;180;2;S 
18/07/2020;23.8;29.7;26;85;0;7;5;260;2;W 
19/07/2020;21.9;29.8;25.4;85;0;7.3;4;180;2;S 
20/07/2020;24;31.1;26.6;86;0;7.3;3;100;2;C 
21/07/2020;24;30.3;26.6;88;0;5.3;3;200;2;W 
22/07/2020;21.9;31.3;26.3;86;;5.3;4;250;2;W 
23/07/2020;22.2;31.4;25.9;82;0;9.2;5;280;2;C 
24/07/2020;20.4;30.4;24.9;82;0;9.3;4;180;2;C 
25/07/2020;19.6;30.4;24.9;78;0;8.5;5;220;3;S 
26/07/2020;18.6;31.4;24.4;76;0;10.5;3;250;1;C 
27/07/2020;18.8;30.5;24;79;0;10.2;3;200;2;W 
28/07/2020;19.6;29.8;24.8;80;;8.4;4;150;2;SW
29/07/2020;20.8;29.4;24.6;78;0;6.6;4;140;3;SE
30/07/2020;17.3;29;23.3;79;;8.7;6;240;3;W 
31/07/2020;19.4;29.2;24.1;78;;9.5;4;270;2;S 
01/08/2020;20.1;31.2;25.3;81;;5.9;5;200;2;NW
02/08/2020;21.1;28.3;24.2;86;0;8.7;5;250;2;W 
03/08/2020;20;30.3;24.3;79;0;2.6;6;240;2;S 
04/08/2020;22.3;28.3;24.9;87;0;8.8;3;200;2;W 
05/08/2020;21.8;29.3;25.1;84;8888;1.6;3;270;2;NW
06/08/2020;20.4;31.1;25.2;87;0;3.5;4;290;2;W 
07/08/2020;21.8;30.5;25.5;84;0;9;5;270;3;W 
08/08/2020;21.2;29.5;24.8;86;;5.2;4;270;2;W 
09/08/2020;20.4;31.4;25.2;82;0;6;5;270;2;W 
10/08/2020;20.9;31.3;25.5;86;;9.6;4;250;2;W 
11/08/2020;22.8;31.2;25.9;86;0;6.8;4;280;2;W 
12/08/2020;22.8;30.1;25.7;92;11.7;4.5;4;180;1;C 
13/08/2020;23.6;29.6;25.4;94;11.4;1.3;4;330;2;C 
14/08/2020;23.2;30.4;26.2;91;14.4;3.3;4;280;1;W 
15/08/2020;23.4;32;26.8;84;;4.3;5;260;2;W 
16/08/2020;24;30.4;26.5;88;0;7.8;5;260;2;W 
17/08/2020;23.2;32.4;26.7;84;0.4;5.5;5;180;1;S 
18/08/2020;22.8;30.9;26.5;84;0;6.1;4;230;2;C 
19/08/2020;23.1;31.4;26.4;86;0;9.1;4;270;2;W 
20/08/2020;22;30.8;26;86;0;9.8;5;270;2;W 
21/08/2020;20.8;34.2;26.1;80;0;9.1;5;270;3;N 
22/08/2020;21.8;30.6;25.9;88;0;10.4;5;270;3;W 
23/08/2020;22.8;30.8;26.3;86;0;8.6;6;240;3;S 
24/08/2020;;31.4;26.4;84;0;8.9;5;240;2;S 
25/08/2020;21;32.4;26.4;82;;9.6;5;140;3;NW
26/08/2020;22;32.2;26.6;85;0;10.7;6;180;3;S 
27/08/2020;20.1;31.8;25.7;78;;10.4;5;250;2;S 
28/08/2020;21.2;30.4;25.5;86;;8.7;5;170;3;W 
29/08/2020;22.8;31.5;26.9;82;0;6.1;6;220;2;C 
30/08/2020;21;32.5;26.4;74;;6.3;4;270;2;W 
31/08/2020;21.8;30.5;25.8;81;0;8.7;4;240;2;W 
01/09/2020;22;30.4;25.8;86;0;9;5;270;3;S 
02/09/2020;23.6;;25.9;87;0;4.7;5;180;2;S 
03/09/2020;;;;;;;;;;
04/09/2020;23.8;31.4;26.9;89;27.2;6.6;4;260;2;W 
05/09/2020;22.2;30;25.5;85;0;8.4;6;270;2;W 
06/09/2020;21.8;30.1;25.9;84;0;7.7;6;240;3;S 
07/09/2020;23.5;30.6;26.3;88;;8.7;5;240;2;SW
08/09/2020;22.2;31.5;26.8;82;0;5.5;4;250;2;W 
09/09/2020;22.2;31.8;26;87;;9.4;3;250;2;W 
10/09/2020;23;30.8;26.5;82;;8.6;5;230;3;SW
11/09/2020;;30.5;26.1;83;;7;5;160;3;W 
12/09/2020;22.4;30.7;26.2;82;0;6.9;5;180;2;S 
13/09/2020;23.6;;26.1;78;0;6.7;4;220;3;S 
14/09/2020;21.2;30.5;25.8;83;;2.3;5;240;2;SW
15/09/2020;;;;;;;;;;
16/09/2020;;;;;;;;;;
17/09/2020;;;;;;;;;;
18/09/2020;;;;;;;;;;
19/09/2020;;;;;;;;;;
20/09/2020;;;;;;;;;;
21/09/2020;;;;;;;;;;
22/09/2020;;;;;;;;;;
23/09/2020;;;;;;;;;;
24/09/2020;;;;;;;;;;
25/09/2020;;;;;;;;;;
26/09/2020;;;;;;;;;;
27/09/2020;;;;;;;;;;
28/09/2020;22.3;30.6;26.7;78;4.2;5.6;5;220;3;E 
29/09/2020;22.2;30.6;26.5;82;0;4.6;5;200;3;S 
30/09/2020;23.8;31.7;27;81;;5.1;5;210;3;W 
01/10/2020;24.1;34.8;27.7;84;0;6.6;6;270;3;W 
02/10/2020;24.2;33;28;81;0;8.6;5;180;2;W 
03/10/2020;24.6;30.6;26.7;83;4.5;6.8;7;270;2;S 
04/10/2020;23.8;29.7;26.5;80;7.5;3.1;5;190;3;S 
05/10/2020;22.7;28.3;24.2;90;6.1;4.2;5;210;2;SW
06/10/2020;22.8;28.1;25.2;80;8;1;5;270;2;S 
07/10/2020;22.8;29.2;25.5;79;8888;0.4;6;230;2;W 
08/10/2020;23.2;30.8;26.3;82;0;1.6;4;220;2;W 
09/10/2020;23.4;31;26.6;80;0;3.7;5;220;2;W 
10/10/2020;24;30.1;25.9;88;0;6.2;6;170;2;C 
11/10/2020;23.4;33.2;27.1;80;28.4;1.2;6;120;3;W 
12/10/2020;23.6;31;26.5;84;1.3;7.6;5;160;2;S 
13/10/2020;23.5;31.2;26.7;82;0;1.7;6;230;2;W 
14/10/2020;22.5;32.2;27.3;78;1.4;;5;250;3;NW
15/10/2020;24;32.4;26.8;85;0;8;5;250;3;W 
16/10/2020;24.2;29;26.4;82;0;5.1;5;180;3;S 
17/10/2020;;28.7;26.1;82;;0.8;5;240;3;SW
18/10/2020;23;30.1;25.6;86;0;1.2;4;260;2;S 
19/10/2020;24.1;30;25.3;91;2.8;2.6;4;290;2;C 
20/10/2020;22.4;32.2;27.2;80;12.4;1.3;6;240;2;C 
21/10/2020;22.8;30.4;26.4;85;26.5;6.2;4;140;1;C 
22/10/2020;23.6;30.9;26.8;84;0;2.3;5;200;3;W 
23/10/2020;24.7;30.4;26.7;86;;6.5;5;180;2;SW
24/10/2020;24.5;32.3;27.4;85;4.4;2.8;6;230;2;C 
25/10/2020;24.7;30.8;25.4;93;11.2;5.8;5;230;2;S 
26/10/2020;21.8;30.2;25.1;92;65.1;2.7;4;260;2;W 
27/10/2020;22.6;28.2;24.4;90;8888;1.4;4;320;1;C 
28/10/2020;22.2;30.7;26.3;88;29;0.4;4;220;2;S 
29/10/2020;23.6;33.6;28.4;81;18.1;4.6;4;100;2;C 
30/10/2020;24;32.9;28.1;78;;9.6;8;100;3;SE
31/10/2020;23.6;30.8;26.5;87;9.8;6.5;5;250;2;C 
01/11/2020;22.8;30.8;27;83;6;1.2;5;250;2;C 
02/11/2020;23.2;30.8;26.4;86;21.2;4;6;230;3;W 
03/11/2020;;31.8;26.8;82;1.1;3;4;240;2;SW
04/11/2020;22.5;32;27;81;5.8;6.4;4;260;2;SW
05/11/2020;24.2;33.3;27.6;82;1.8;5.6;10;270;3;W 
06/11/2020;22.4;34;27.8;80;3.1;6.9;5;130;2;W 
07/11/2020;24.6;32.8;28.6;75;0;8.9;5;270;3;W 
08/11/2020;24.6;32.2;27.6;81;;9.8;5;200;2;SW
09/11/2020;23.9;31;27.4;82;3.7;8;5;230;2;SW
10/11/2020;24.4;31.6;26.9;84;0;5;5;180;3;S 
11/11/2020;23.6;31.6;27.7;78;8888;6.7;4;180;2;S 
12/11/2020;23.2;32.8;27.8;80;0;4.9;6;90;3;W 
13/11/2020;23.8;34.2;29;75;1;6.4;5;90;3;E 
14/11/2020;23.2;33.1;27.7;80;10.8;8;5;290;2;C 
15/11/2020;23.8;32.6;28.2;70;8888;6.7;4;140;2;C 
16/11/2020;22.6;;27.9;82;13.7;4.5;3;180;2;S 
17/11/2020;25.8;31.6;28.4;78;4.9;8;5;150;3;SE
18/11/2020;24;34;28;78;0;4.8;6;290;2;W 
19/11/2020;24;32.6;27.1;86;8.6;8.2;5;320;2;C 
20/11/2020;21.7;33.8;26.5;86;75;6.3;5;220;2;W 
21/11/2020;23;31.4;26.8;85;1;4.5;3;270;1;C 
22/11/2020;;;;;;;;;;
23/11/2020;23;31.4;26.2;86;0;3.1;5;220;2;C 
24/11/2020;22.8;30.3;26.5;84;28.1;2.1;3;250;2;W 
25/11/2020;23.2;26.6;24.4;90;8888;4.4;4;340;2;C 
26/11/2020;22.4;30.6;26.8;80;6;0;4;210;3;W 
27/11/2020;23.5;;26.9;76;0;3.6;7;230;3;W 
28/11/2020;23.2;31.4;26.7;80;0;3;6;260;2;C 
29/11/2020;23.2;26.2;23.9;94;30.7;5.7;3;280;2;W 
30/11/2020;21.9;29.7;25.6;84;12.4;0;4;250;2;W 
01/12/2020;23.2;31;26.5;85;0;0;4;200;3;S 
02/12/2020;23.1;32.2;27.4;82;14.9;7.8;4;240;1;C 
03/12/2020;23;30.8;26.3;87;9.1;6.8;3;240;1;C 
04/12/2020;23.5;30.1;26.7;84;13.1;2.9;3;300;1;C 
05/12/2020;23.2;32.6;26;86;0;0.3;6;350;2;C 
06/12/2020;;32.8;27.7;78;12.6;5.5;3;350;1;C 
07/12/2020;23.4;30.6;26.3;86;1;5.6;3;120;2;SE
08/12/2020;23;33;28.3;74;7.5;2.3;5;220;2;SW
09/12/2020;24.4;33.2;27.6;78;8888;7.8;7;260;3;W 
10/12/2020;23.9;31.4;27.3;81;;6.9;4;210;2;W 
11/12/2020;23.8;31.4;26.7;87;20.2;5.6;5;240;2;C 
12/12/2020;23.2;29.8;25.8;88;88.7;3;5;200;2;W 
13/12/2020;23;29.4;25.6;88;2.5;3.8;5;290;2;C 
14/12/2020;22.3;29.8;25;92;230.5;3.9;5;270;2;S 
15/12/2020;22.5;29.8;25.5;88;0.2;1.3;4;250;2;W 
16/12/2020;22.6;30.2;25.7;85;0;0.2;5;180;3;SW
17/12/2020;23.3;29.4;24.4;94;0.3;4;4;270;2;W 
18/12/2020;22.4;29.8;24.6;92;50.6;0;6;340;2;C 
19/12/2020;22.6;30.2;25.5;87;11.2;0.5;5;280;3;SW
20/12/2020;23;30.9;27.3;70;8888;5.8;6;240;3;W 
21/12/2020;22.2;30.8;26.6;76;0;10.4;6;200;3;S 
22/12/2020;23.7;30.6;26.8;84;0;5.2;6;200;3;S 
23/12/2020;23.8;30.9;27.1;80;0;3.4;5;230;2;W 
24/12/2020;;31.4;27.5;79;0;6.9;5;230;2;SW
25/12/2020;22.4;31.6;26.6;83;0;;5;270;2;C 
26/12/2020;23.2;30.7;25.9;85;7.6;7.3;3;250;1;C 
27/12/2020;23.2;30.6;27.2;82;19.2;5.2;6;280;3;W 
28/12/2020;23.4;30.4;26.3;87;4.1;8;5;230;3;SW
29/12/2020;23.8;30.8;26.4;87;0.5;3.9;5;270;4;W 
30/12/2020;23;27.8;24.8;94;14.6;3.3;4;270;2;NW
31/12/2020;22.3;29.2;24.9;91;44.1;0.8;5;250;2;W 
01/01/2021;22.6;28.8;25.8;89;;1.3;4;230;1;C 
02/01/2021;23;30.4;27;79;12.5;1.6;6;300;3;W 
03/01/2021;23.4;29.8;26.7;78;0;3.4;8;260;3;W 
04/01/2021;23.2;30.7;26.1;80;0;2.5;4;250;3;W 
05/01/2021;23.2;31.8;26.1;84;0;3.1;5;200;2;C 
06/01/2021;22.8;33;26.7;84;21.4;5.4;3;280;2;C 
07/01/2021;22.6;32;25.7;88;3;5.4;4;330;1;C 
08/01/2021;22.2;31;27.3;82;17.6;5;3;190;2;SW
09/01/2021;23.3;30.4;26.8;80;8;2.5;6;230;3;W 
10/01/2021;22.6;29.5;25.3;90;18.6;6.4;3;200;1;C 
11/01/2021;22.4;30.4;26.2;89;13.3;2.5;3;220;1;C 
12/01/2021;22.8;31.6;26.4;86;9.1;4.4;6;240;3;W 
13/01/2021;22.4;30.8;26.9;80;62.9;5.3;5;250;3;W 
14/01/2021;22.6;29.2;26.3;82;60.1;;3;300;2;W 
15/01/2021;23.4;30.6;26.7;78;0;1.2;4;320;2;W 
16/01/2021;24;29.3;26.1;80;0;0.5;6;320;3;W 
17/01/2021;23.6;31.5;27.4;78;0;0.4;6;230;2;W 
18/01/2021;22.8;31.8;26.2;85;1;6.4;5;260;2;NW
19/01/2021;22.9;29.8;25.5;87;22.1;4.5;3;90;2;E 
20/01/2021;22.9;31.6;26;86;3.5;2.9;4;330;2;NW
21/01/2021;22.8;32.1;26.2;85;22;4;5;40;1;C 
22/01/2021;23.2;30.8;27.2;82;2.6;4.3;6;230;3;W 
23/01/2021;23;30.4;26.6;82;0;4.2;4;140;2;SE
24/01/2021;23.8;31.8;27.1;79;;2.3;3;200;1;C 
25/01/2021;22.8;31.9;26.6;80;5.5;2.9;5;230;2;C 
26/01/2021;23;30.9;26.6;81;1.5;5;6;200;3;W 
27/01/2021;22.2;29.2;24.8;91;40.5;7.3;8;280;3;W 
28/01/2021;22.5;31;26.2;83;9.7;;6;270;3;W 
29/01/2021;23.3;29.6;24.4;93;3;5.4;5;310;2;W 
30/01/2021;22.6;29.2;25.8;86;14.9;1.1;4;280;1;C 
31/01/2021;23;31.9;26.2;84;0;0;3;220;1;C 
01/02/2021;22.2;31.6;26.1;87;20.8;9999;5;350;2;C 
02/02/2021;22.6;31.4;26.3;85;47.2;7.6;6;290;2;C 
03/02/2021;23.2;31.1;26.1;86;14.3;6.2;7;260;3;C 
04/02/2021;22.8;32.6;26.1;85;16.7;4.6;7;200;3;NW
05/02/2021;23;32.2;26.6;85;27.8;5.5;5;250;2;W 
06/02/2021;23.6;31.8;27.1;80;0.9;;4;320;1;C 
07/02/2021;22.8;30.9;25.3;86;0;3.8;5;330;3;NW
08/02/2021;23.6;30.6;25.3;92;8.2;3.2;2;330;1;C 
09/02/2021;23.2;31;26.1;88;9.2;2.5;3;250;2;W 
10/02/2021;22.8;;25.1;93;14.7;2.6;3;250;1;C 
11/02/2021;23.3;30.8;26.7;82;6.7;0;5;200;3;W 
12/02/2021;24.2;29.8;26.2;88;0;8.2;6;220;3;SW
13/02/2021;22.6;30.1;26;89;23.8;3.2;6;240;3;S 
14/02/2021;24.6;29.9;25.5;92;1.6;4.7;4;190;2;NW
15/02/2021;23.4;32.2;26.2;88;8.5;4;4;10;2;C 
16/02/2021;23.3;31.5;27.1;84;13;7.5;3;240;2;SW
17/02/2021;23.2;28.5;24.2;90;0.6;6;8;290;3;N 
18/02/2021;22.6;31.4;25.8;84;3.9;1.2;6;260;3;W 
19/02/2021;22.8;31;25.4;88;0.4;4.1;3;140;1;C 
20/02/2021;22.8;30.2;26.1;85;4.1;4.2;5;25;2;C 
21/02/2021;23.2;32;27.1;80;1;1.8;6;220;2;SW
22/02/2021;24.2;31;27.4;81;1;7.8;6;250;3;W 
23/02/2021;23.3;28.8;25.8;79;0;6.1;6;270;3;W 
24/02/2021;22;29.1;25.4;83;14.4;1.6;6;250;2;W 
25/02/2021;21.9;31.7;26.9;80;0;0.8;6;360;3;NW
26/02/2021;23.8;30.6;25.5;89;4.9;5.8;7;340;2;C 
27/02/2021;23;33.1;26.3;84;22.7;0.6;5;250;2;W 
28/02/2021;21.5;30;25.3;82;9.7;7.4;7;280;2;C 
01/03/2021;22.7;32.6;27.7;76;8888;3.1;6;240;2;SW
02/03/2021;22.2;32;26.2;79;0;9.2;4;350;2;N 
03/03/2021;22.6;32.2;25.6;84;0;2.8;3;300;1;N 
04/03/2021;22.5;30.8;26.4;80;26.8;4.5;6;240;2;W 
05/03/2021;22.6;31.7;26.6;75;0;3.8;5;260;3;SW
06/03/2021;23.4;31.8;27;79;0;9.1;4;300;2;W 
07/03/2021;22.3;31.8;25.8;85;17.5;7;4;220;2;C 
08/03/2021;22.7;29.9;25.3;87;2.7;5;7;250;2;W 
09/03/2021;22.6;30;25.7;86;5.6;1.4;4;220;1;C 
10/03/2021;21;31;25.3;87;39;0.7;3;90;2;C 
11/03/2021;23.5;30.7;;;6;5.9;3;270;1;C 
12/03/2021;22.2;;;;30.4;2.5;3;200;2;N 
13/03/2021;;;;;;;;;;
14/03/2021;22.5;30.8;25.8;84;0;4.1;7;280;3;W 
15/03/2021;22.6;31.4;24.9;92;5.7;6.6;5;330;2;C 
16/03/2021;24;30.8;26.3;88;3.2;6.2;4;220;2;C 
17/03/2021;21.8;31.6;26.2;84;1.4;5.2;4;200;2;S 
18/03/2021;22.1;31.8;25.8;87;33.7;5.7;4;300;2;N 
19/03/2021;22;30.8;26.4;86;41.7;6.8;6;240;3;SW
20/03/2021;22.2;;25.8;86;8888;10;6;160;3;NW
21/03/2021;23;31.2;26.7;84;8888;2.4;6;240;3;W 
22/03/2021;22.6;32.4;26.7;81;;7.8;3;270;2;W 
23/03/2021;23.8;31.4;27.4;83;;3.1;5;230;3;W 
24/03/2021;21.8;31.9;;;0;7.2;6;260;2;W 
25/03/2021;22.8;31.7;27.2;85;3.5;9.1;6;260;3;SW
26/03/2021;23.7;32;27.5;81;0.8;8;6;240;3;SW
27/03/2021;24;32;27.2;84;0;9;6;230;2;S 
28/03/2021;23.8;31.4;27.3;84;2.7;5.9;5;250;2;W 
29/03/2021;22.7;31.3;26.8;86;8888;6.9;5;270;2;W 
30/03/2021;24;29.5;25.3;94;13.8;4.9;3;360;1;C 
31/03/2021;22.2;31.4;26.2;86;9.4;2.3;5;220;2;SE
01/04/2021;23.2;31.3;26.1;88;0.5;8.2;3;310;2;C 
02/04/2021;23;31.2;26.4;86;30.3;3.2;3;270;1;W 
03/04/2021;23.2;32.8;26.5;84;0;4.9;4;330;1;C 
04/04/2021;23.4;32.8;25.9;91;13.4;3.8;7;180;2;C 
05/04/2021;22;31.8;26.3;86;46.2;5.7;3;120;1;E 
06/04/2021;23.8;32;27.2;86;14.6;4.2;3;260;2;E 
07/04/2021;23.2;30.4;26.4;86;55.5;5.6;3;260;1;C 
08/04/2021;23.2;32.2;27.3;81;0.7;3;6;260;2;W 
09/04/2021;23;32.2;27.2;80;0;6.5;6;180;2;E 
10/04/2021;22.9;31.2;26.4;84;1.5;7.8;5;320;2;C 
11/04/2021;22.5;;26.9;84;13.8;4.8;4;220;2;SW
12/04/2021;21.2;31.2;25.1;84;19.8;5.8;5;250;2;W 
13/04/2021;21.1;30.3;26.1;86;9.5;7.2;4;270;2;W 
14/04/2021;23;31.4;26.4;83;0;5.8;5;270;2;W 
15/04/2021;23.6;;27.2;80;2;4.9;5;280;2;C 
16/04/2021;23.7;32.2;27.3;82;7.4;8;4;280;2;C 
17/04/2021;22.6;31.8;27.4;76;1.3;8.5;3;110;2;E 
18/04/2021;23.6;31.8;26.9;84;0;8.2;5;270;2;E 
19/04/2021;22.7;33.1;27.3;78;15;6.6;5;240;2;C 
20/04/2021;23.2;;27;74;0;9.1;5;220;2;SW
21/04/2021;20.5;;26.2;75;0;10.1;5;120;3;S 
22/04/2021;21.8;31.9;26.8;75;;10.3;4;240;3;SW
23/04/2021;22;30.8;26.8;76;0;9.8;4;230;2;C 
24/04/2021;;;;;;;;;;
25/04/2021;23.8;30.8;26.6;82;8888;7.2;2;260;1;C 
26/04/2021;;;;;;;;;;
